Date;Open;High;Low;Close;Volume;Market Cap
2022-02-13;42236.57;42693.05;41950.94;42197.52;14741589015;7.9995E+11
2022-02-12;42412.3;42992.55;41852.57;42244.47;18152390304;8.00798E+11
2022-02-11;43571.13;43810.83;42114.54;42407.94;26954925781;8.03848E+11
2022-02-10;44347.8;45661.17;43402.81;43565.11;32142048537;8.25745E+11
2022-02-09;44096.7;44727.8;43232.97;44338.8;23245887300;8.40369E+11
2022-02-08;43854.65;45293.87;42807.84;44118.45;33079398868;8.36155E+11
2022-02-07;42406.78;44401.86;41748.16;43840.29;28641855926;8.30839E+11
2022-02-06;41441.12;42500.79;41244.91;42412.43;16142097334;8.03745E+11
2022-02-05;41501.48;41847.16;41038.1;41441.16;19652846215;7.85298E+11
2022-02-04;37149.26;41527.79;37093.63;41500.88;29412210792;7.86397E+11
2022-02-03;36944.81;37154.6;36375.54;37154.6;18591534769;7.0401E+11
2022-02-02;38743.71;38834.62;36832.73;36952.98;19155189416;7.00156E+11
2022-02-01;38481.77;39115.13;38113.66;38743.27;20288500328;7.34039E+11
2022-01-31;37920.28;38647.26;36733.57;38483.13;20734730465;7.29074E+11
2022-01-30;38151.92;38266.34;37437.71;37917.6;14643548444;7.18326E+11
2022-01-29;37780.71;38576.26;37406.47;38138.18;17194183075;7.22469E+11
2022-01-28;37128.44;37952.88;36211.11;37784.33;22238830523;7.15732E+11
2022-01-27;36841.88;37148.32;35629.28;37138.23;25041426629;7.03457E+11
2022-01-26;36950.51;38825.41;36374.91;36852.12;31324598034;6.98006E+11
2022-01-25;36654.81;37444.57;35779.43;36954;26428189594;6.99907E+11
2022-01-24;36275.73;37247.52;33184.06;36654.33;41856658597;6.94197E+11
2022-01-23;35047.36;36433.31;34784.97;36276.8;26017975951;6.87013E+11
2022-01-22;36471.59;36688.81;34349.25;35030.25;39714385405;6.63374E+11
2022-01-21;40699.61;41060.53;35791.43;36457.32;43011992031;6.90369E+11
2022-01-20;41744.03;43413.02;40672.82;40680.42;20382033940;7.70305E+11
2022-01-19;42374.04;42478.3;41242.91;41744.33;23091543258;7.90406E+11
2022-01-18;42250.07;42534.4;41392.22;42375.63;22417209227;8.02314E+11
2022-01-17;43118.12;43179.39;41680.32;42250.55;21690904261;7.9991E+11
2022-01-16;43172.04;43436.81;42691.02;43113.88;17902097845;8.16211E+11
2022-01-15;43101.9;43724.67;42669.04;43177.4;18371348298;8.17365E+11
2022-01-14;42598.87;43346.69;41982.62;43099.7;23577403399;8.15851E+11
2022-01-13;43946.74;44278.42;42447.04;42591.57;47691135082;8.0619E+11
2022-01-12;42742.18;44135.37;42528.99;43949.1;33499938689;8.31837E+11
2022-01-11;41819.51;43001.16;41407.75;42735.85;26327648900;8.08835E+11
2022-01-10;41910.23;42199.49;39796.57;41821.26;32104232331;7.91485E+11
2022-01-09;41734.73;42663.95;41338.16;41911.6;21294384372;7.93156E+11
2022-01-08;41561.47;42228.94;40672.28;41733.94;28066355845;7.89759E+11
2022-01-07;43153.57;43153.57;41077.45;41557.9;84196607520;7.8639E+11
2022-01-06;43565.51;43748.72;42645.54;43160.93;30208048289;8.16685E+11
2022-01-05;45899.36;46929.05;42798.22;43569;36851084859;8.24368E+11
2022-01-04;46458.85;47406.55;45752.46;45897.58;42494677905;8.68383E+11
2022-01-03;47343.54;47510.73;45835.96;46458.12;33071628362;8.78947E+11
2022-01-02;47680.93;47881.41;46856.94;47345.22;27951569547;8.95688E+11
2022-01-01;46311.74;47827.31;46288.49;47686.81;24582667004;9.02104E+11
2021-12-31;47169.37;48472.53;45819.95;46306.45;36974172400;8.75939E+11
2021-12-30;46490.61;47879.97;46060.31;47178.13;26686491018;8.92386E+11
2021-12-29;47623.87;48119.74;46201.49;46444.71;30049226299;8.78479E+11
2021-12-28;50679.86;50679.86;47414.21;47588.85;33430376883;9.00076E+11
2021-12-27;50802.61;51956.33;50499.47;50640.42;24324345758;9.57746E+11
2021-12-26;50428.69;51196.38;49623.1;50809.52;20964372926;9.609E+11
2021-12-25;50854.92;51176.6;50236.71;50429.86;19030650914;9.53678E+11
2021-12-24;50806.05;51814.03;50514.49;50822.2;24367912228;9.61052E+11
2021-12-23;48626.34;51332.34;48065.84;50784.54;28223878108;9.60291E+11
2021-12-22;48937.1;49544.8;48450.94;48628.51;24447979559;9.19476E+11
2021-12-21;46886.08;49300.92;46698.77;48936.61;27055803928;9.25256E+11
2021-12-20;46707.06;47401.72;45579.81;46880.28;30961902129;8.86331E+11
2021-12-19;46853.87;48089.66;46502.95;46707.01;25154053861;8.83011E+11
2021-12-18;46219.26;47313.83;45598.44;46848.78;26098292690;8.8565E+11
2021-12-17;47653.73;48004.89;45618.22;46202.14;32902725329;8.73389E+11
2021-12-16;48900.46;49425.57;47529.88;47665.43;27268150947;9.01006E+11
2021-12-15;48379.75;49473.96;46671.97;48896.72;36541828520;9.24244E+11
2021-12-14;46709.82;48431.4;46424.5;46612.63;34638619079;8.81018E+11
2021-12-13;50114.74;50205;45894.85;46737.48;32166727776;8.83346E+11
2021-12-12;49354.85;50724.87;48725.85;50098.34;21939223599;9.46823E+11
2021-12-11;47264.63;49458.21;46942.35;49362.51;25775869261;9.32873E+11
2021-12-10;47642.14;50015.25;47023.7;47243.31;30966005122;8.92778E+11
2021-12-09;50450.08;50797.17;47358.35;47672.12;29603577251;9.00835E+11
2021-12-08;50667.65;51171.38;48765.99;50504.8;28479699446;9.54312E+11
2021-12-07;50581.83;51934.78;50175.81;50700.08;33676814852;9.57949E+11
2021-12-06;49413.48;50929.52;47281.04;50582.63;37707308001;9.55681E+11
2021-12-05;49201.52;49768.15;47857.5;49368.85;37198201161;9.32695E+11
2021-12-04;53727.88;53904.68;42874.62;49200.7;61385677469;9.29467E+11
2021-12-03;56509.17;57482.17;52496.59;53598.25;39789134215;1.01249E+12
2021-12-02;57217.37;57349.23;55895.13;56477.82;32379968686;1.06683E+12
2021-12-01;56907.97;59041.69;56553.08;57229.83;36858195307;1.08098E+12
2021-11-30;57830.11;59113.4;56057.28;57005.43;36708594618;1.07669E+12
2021-11-29;57291.9;58872.88;56792.53;57806.57;32370840356;1.09177E+12
2021-11-28;54813.02;57393.84;53576.74;57248.46;28116886357;1.08118E+12
2021-11-27;53736.43;55329.26;53668.36;54815.08;30560857714;1.03518E+12
2021-11-26;58960.29;59183.48;53569.76;53569.76;41810748221;1.01161E+12
2021-11-25;57165.42;59367.97;57146.69;57274.68;34284016248;1.0815E+12
2021-11-24;57565.85;57803.07;55964.22;56280.43;36635566789;1.06266E+12
2021-11-23;56304.56;57875.52;55632.76;57569.07;37485803899;1.08699E+12
2021-11-22;58706.85;59266.36;55679.84;56289.29;35036121783;1.06277E+12
2021-11-21;59730.51;60004.43;58618.93;58730.48;26123447605;1.10881E+12
2021-11-20;58115.08;59859.88;57469.73;59697.2;30624264863;1.12701E+12
2021-11-19;56896.13;58351.11;55705.18;58119.58;38702407772;1.09718E+12
2021-11-18;60360.14;60948.5;56550.79;56942.14;41388338699;1.0749E+12
2021-11-17;60139.62;60823.61;58515.41;60368.01;39178392930;1.13952E+12
2021-11-16;63721.2;63721.2;59016.34;60161.25;46844335592;1.13556E+12
2021-11-15;65521.29;66281.57;63548.14;63557.87;30558763548;1.19961E+12
2021-11-14;64455.37;65495.18;63647.81;65466.84;25122092191;1.23558E+12
2021-11-13;64158.12;64915.67;63303.73;64469.53;30474228777;1.2167E+12
2021-11-12;64863.98;65460.81;62333.91;64155.94;36084893887;1.21072E+12
2021-11-11;64978.89;65579.01;64180.49;64949.96;35880633236;1.22564E+12
2021-11-10;66953.34;68789.63;63208.11;64995.23;48730828378;1.22643E+12
2021-11-09;67549.74;68530.34;66382.06;66971.83;42357991721;1.26367E+12
2021-11-08;63344.07;67673.74;63344.07;67566.83;41125608330;1.27483E+12
2021-11-07;61554.92;63326.99;61432.49;63326.99;24726754302;1.19478E+12
2021-11-06;61068.87;61590.68;60163.78;61527.48;29094934221;1.16077E+12
2021-11-05;61460.08;62541.47;60844.61;61125.67;30605102446;1.15313E+12
2021-11-04;62941.8;63123.29;60799.66;61452.23;32615846901;1.15923E+12
2021-11-03;63254.33;63516.94;61184.24;62970.05;36124731509;1.18781E+12
2021-11-02;60963.25;64242.79;60673.06;63226.4;37746665647;1.19258E+12
2021-11-01;61320.45;62419;59695.18;61004.41;36150572843;1.15061E+12
2021-10-31;61850.49;62406.17;60074.33;61318.96;32241199927;1.15649E+12
2021-10-30;62239.36;62330.15;60918.39;61888.83;32157938616;1.16718E+12
2021-10-29;60624.87;62927.61;60329.97;62227.96;36856881767;1.17351E+12
2021-10-28;58470.73;62128.63;58206.92;60622.14;45257083247;1.14317E+12
2021-10-27;60352;61435.18;58208.19;58482.39;43657076893;1.10276E+12
2021-10-26;63032.76;63229.03;59991.16;60363.79;34878965587;1.13818E+12
2021-10-25;60893.93;63729.33;60691.8;63039.83;31064911614;1.18858E+12
2021-10-24;61368.34;61505.8;59643.35;60930.84;27316183882;1.14874E+12
2021-10-23;60694.63;61743.88;59826.52;61393.62;26882546034;1.15741E+12
2021-10-22;62237.89;63715.02;60122.8;60692.26;38434082775;1.14413E+12
2021-10-21;66002.23;66600.55;62117.41;62210.17;45908121370;1.17268E+12
2021-10-20;64284.59;66930.39;63610.67;65992.84;40788955582;1.24393E+12
2021-10-19;62043.17;64434.53;61622.93;64261.99;40471196346;1.21124E+12
2021-10-18;61548.8;62614.66;60012.76;62026.08;38055562075;1.16904E+12
2021-10-17;60887.65;61645.52;59164.47;61553.62;29032367511;1.16008E+12
2021-10-16;61609.53;62274.48;60206.12;60892.18;34250964237;1.14755E+12
2021-10-15;57345.9;62757.13;56868.14;61593.95;51780081801;1.16073E+12
2021-10-14;57372.83;58478.74;56957.08;57321.53;36615791366;1.08016E+12
2021-10-13;56038.26;57688.66;54370.97;57401.1;41684252783;1.08161E+12
2021-10-12;57526.83;57627.88;54477.97;56041.06;41083758949;1.05593E+12
2021-10-11;54734.12;57793.04;54519.77;57484.79;42637331698;1.08308E+12
2021-10-10;54952.82;56401.3;54264.26;54771.58;39527792364;1.03191E+12
2021-10-09;53929.78;55397.94;53735.14;54968.22;32491211414;1.03556E+12
2021-10-08;53802.15;55922.98;53688.06;53967.85;34800873924;1.01666E+12
2021-10-07;55338.62;55338.62;53525.47;53805.99;36807860413;1.01357E+12
2021-10-06;51486.67;55568.46;50488.19;55361.45;49034730168;1.04283E+12
2021-10-05;49174.96;51839.99;49072.84;51514.81;35873904236;9.70325E+11
2021-10-04;48208.91;49456.78;47045;49112.9;33383173002;9.25033E+11
2021-10-03;47680.03;49130.69;47157.29;48199.95;26638115879;9.07792E+11
2021-10-02;48137.47;48282.06;47465.5;47711.49;30614346492;8.98547E+11
2021-10-01;43816.74;48436.01;43320.02;48116.94;42850641582;9.06128E+11
2021-09-30;41551.27;44092.6;41444.58;43790.9;31141681925;8.24619E+11
2021-09-29;41064.98;42545.26;40829.67;41564.36;30602359905;7.82651E+11
2021-09-28;42200.9;42775.15;40931.66;41034.54;30214940550;7.7264E+11
2021-09-27;43234.18;44313.25;42190.63;42235.73;30980029059;7.95216E+11
2021-09-26;42721.63;43919.3;40848.46;43208.54;30661222077;8.13491E+11
2021-09-25;42840.89;42996.26;41759.92;42716.59;31604717236;8.04192E+11
2021-09-24;44894.3;45080.49;40936.56;42839.75;42839345714;8.0647E+11
2021-09-23;43560.3;44942.17;43109.34;44895.1;34244064430;8.45122E+11
2021-09-22;40677.95;43978.62;40625.63;43574.51;38139709246;8.20219E+11
2021-09-21;43012.23;43607.61;39787.61;40693.68;48701090088;7.65958E+11
2021-09-20;47261.41;47328.2;42598.92;42843.8;43909845642;8.06396E+11
2021-09-19;48268.86;48328.37;46919.8;47260.22;26967722648;8.89472E+11
2021-09-18;47273.53;48791.78;47087.28;48278.36;28575630451;9.08584E+11
2021-09-17;47771;48160.92;46832.52;47267.52;28727713711;8.89515E+11
2021-09-16;48158.91;48486.83;47079.56;47783.36;31764293754;8.99179E+11
2021-09-15;47098;48450.47;46773.33;48176.35;30484496466;9.06532E+11
2021-09-14;44960.05;47218.13;44752.33;47092.49;38652152880;8.86095E+11
2021-09-13;46057.22;46598.68;43591.32;44963.07;40969943253;8.4598E+11
2021-09-12;45206.63;46364.88;44790.46;46063.27;27881980161;8.66637E+11
2021-09-11;44869.84;45969.29;44818.27;45201.46;34499835245;8.50382E+11
2021-09-10;46396.66;47031.74;44344.49;44883.91;39154666597;8.44367E+11
2021-09-09;45774.74;47261.95;45669.74;46391.42;38672657013;8.72686E+11
2021-09-08;46827.76;47334.06;44561.39;46091.39;49007762488;8.67003E+11
2021-09-07;52660.48;52853.76;43285.21;46811.13;65210059683;8.80499E+11
2021-09-06;51769;52700.94;51053.68;52633.54;38884105426;9.89965E+11
2021-09-05;49937.86;51868.68;49538.6;51753.41;30322676319;9.73355E+11
2021-09-04;50009.33;50545.58;49548.78;49944.63;37471327794;9.39286E+11
2021-09-03;49288.25;50982.27;48386.09;50025.37;43206179619;9.40757E+11
2021-09-02;48807.85;50343.42;48652.32;49327.72;39508070319;9.27591E+11
2021-09-01;47099.77;49111.09;46562.44;48847.03;39139399125;9.18502E+11
2021-08-31;47024.34;48189.55;46750.09;47166.69;34730363427;8.8687E+11
2021-08-30;48834.85;48925.61;46950.27;47054.98;31847007016;8.84728E+11
2021-08-29;48911.25;49644.11;47925.86;48829.83;25889650240;9.18057E+11
2021-08-28;49072.59;49283.51;48499.24;48902.4;28568103401;9.19373E+11
2021-08-27;46894.56;49112.79;46394.28;49058.67;34511076995;9.22266E+11
2021-08-26;49002.64;49347.58;46405.78;46942.22;32666549568;8.82437E+11
2021-08-25;47727.26;49202.88;47163.61;48960.79;32646349931;9.20338E+11
2021-08-24;49562.35;49878.77;47687.12;47706.12;35361168834;8.96705E+11
2021-08-23;49291.68;50482.08;49074.61;49546.15;34305053719;9.31244E+11
2021-08-22;48869.1;49471.61;48199.94;49321.65;25370975378;9.26962E+11
2021-08-21;49327.07;49717.02;48312.2;48905.49;40585205312;9.19092E+11
2021-08-20;46723.12;49342.15;46650.71;49339.18;34706867452;9.2719E+11
2021-08-19;44741.88;46970.76;43998.32;46717.58;37204312299;8.77876E+11
2021-08-18;44686.75;45952.06;44364.03;44801.19;32194123075;8.41823E+11
2021-08-17;45936.46;47139.57;44512.42;44695.36;33451362600;8.39797E+11
2021-08-16;47019.96;47998.1;45700.32;46004.48;32776876610;8.64346E+11
2021-08-15;47096.67;47357.11;45579.59;47047;30988958446;8.83883E+11
2021-08-14;47810.69;48098.68;46177.63;47096.95;31211354442;8.8477E+11
2021-08-13;44439.69;47831.98;44282.42;47793.32;31744259539;8.97803E+11
2021-08-12;45576.88;46228.91;43861.45;44428.29;33723620826;8.34547E+11
2021-08-11;45599.7;46735.63;45351.71;45593.64;34319709073;8.56399E+11
2021-08-10;46280.85;46637.99;44705.56;45585.03;33546019517;8.56195E+11
2021-08-09;43791.93;46456.83;42848.69;46365.4;38734079049;8.70805E+11
2021-08-08;44574.44;45282.35;43331.91;43798.12;36302664750;8.22545E+11
2021-08-07;42832.8;44689.86;42618.57;44555.8;40030862141;8.36731E+11
2021-08-06;40865.87;43271.66;39932.18;42816.5;38226483046;8.04023E+11
2021-08-05;39744.51;41341.93;37458;40869.55;35185031017;7.67423E+11
2021-08-04;38213.33;39952.3;37589.17;39747.51;25372562724;7.46314E+11
2021-08-03;39178.4;39750.03;37782.05;38152.98;26189830450;7.16342E+11
2021-08-02;39907.26;40419.18;38746.35;39201.95;25595265436;7.35996E+11
2021-08-01;41460.84;42541.68;39540.94;39974.9;26688438115;7.50472E+11
2021-07-31;42196.3;42231.45;41110.83;41626.2;25802845343;7.81431E+11
2021-07-30;40027.48;42235.55;38397.35;42235.55;33072782960;7.9283E+11
2021-07-29;39995.45;40593.07;39352.06;40008.42;27167146027;7.50981E+11
2021-07-28;39503.19;40816.07;38862.44;39995.91;38702404695;7.50707E+11
2021-07-27;37276.04;39406.94;36441.73;39406.94;35097370560;7.39612E+11
2021-07-26;35384.03;40499.68;35287.31;37337.53;51022126212;7.00734E+11
2021-07-25;34290.29;35364.93;33881.84;35350.19;20856685287;6.63402E+11
2021-07-24;33593.73;34490.39;33424.86;34292.45;21664706865;6.43519E+11
2021-07-23;32305.96;33581.55;32057.89;33581.55;22552046192;6.30148E+11
2021-07-22;32138.87;32576.4;31745.3;32313.11;19555230518;6.06317E+11
2021-07-21;29796.29;32752.33;29526.18;32110.69;28203024559;6.02489E+11
2021-07-20;30838.29;31006.19;29360.96;29807.35;23148267245;5.59244E+11
2021-07-19;31800.01;31885.86;30563.74;30817.83;20434789545;5.78178E+11
2021-07-18;31533.88;32399;31215.49;31796.81;18787986667;5.96513E+11
2021-07-17;31397.31;31935.94;31223.99;31533.07;18895018942;5.91536E+11
2021-07-16;31841.55;32218.41;31100.67;31421.54;23699476918;5.89416E+11
2021-07-15;32827.87;33159.64;31175.71;31780.73;21300524237;5.96124E+11
2021-07-14;32723.85;33061.4;31639.12;32822.35;21376531210;6.15635E+11
2021-07-13;33125.47;33327.1;32261.42;32702.03;19120856669;6.13344E+11
2021-07-12;34254.02;34592.16;32697.31;33155.85;24321499537;6.21828E+11
2021-07-11;33509.08;34584.7;33346.74;34240.19;20108729370;6.42138E+11
2021-07-10;33811.24;34209.07;33116.01;33520.52;22971873468;6.28615E+11
2021-07-09;32861.67;34042.29;32318.88;33798.01;27436021028;6.33784E+11
2021-07-08;33889.61;33907.91;32133.18;32877.37;29910396946;6.16493E+11
2021-07-07;34225.68;34997.66;33839.29;33855.33;24796027477;6.34803E+11
2021-07-06;33723.51;35038.54;33599.92;34235.19;26501259870;6.41899E+11
2021-07-05;35284.34;35284.34;33213.66;33746;26721554282;6.32696E+11
2021-07-04;34665.56;35937.57;34396.48;35287.78;24924307911;6.61575E+11
2021-07-03;33854.42;34909.26;33402.7;34668.55;24383958643;6.4994E+11
2021-07-02;33549.6;33939.59;32770.68;33897.05;38728974942;6.35451E+11
2021-07-01;35035.98;35035.98;32883.78;33572.12;37838957079;6.29339E+11
2021-06-30;35908.39;36074.76;34086.15;35040.84;34059036099;6.56853E+11
2021-06-29;34475.56;36542.11;34252.48;35867.78;37901460044;6.72333E+11
2021-06-28;34679.12;35219.89;33902.08;34434.34;33892523752;6.45443E+11
2021-06-27;32287.52;34656.13;32071.76;34649.64;35511640894;6.49462E+11
2021-06-26;31594.66;32637.59;30184.5;32186.28;38585385521;6.03276E+11
2021-06-25;34659.1;35487.25;31350.88;31637.78;40230904226;5.92978E+11
2021-06-24;33682.8;35228.85;32385.21;34662.44;33123368116;6.49644E+11
2021-06-23;32515.71;34753.41;31772.63;33723.03;46317108925;6.32011E+11
2021-06-22;31622.38;33292.45;28893.62;32505.66;58964353058;6.09181E+11
2021-06-21;35641.15;35721.64;31295.94;31676.69;52809038594;5.93628E+11
2021-06-20;35563.14;36059.48;33432.08;35698.3;36664034054;6.68969E+11
2021-06-19;35854.53;36457.8;34933.06;35615.87;31207279719;6.67401E+11
2021-06-18;38099.48;38187.26;35255.85;35787.24;36200887275;6.70589E+11
2021-06-17;38341.42;39513.67;37439.67;38053.5;37096670047;7.13026E+11
2021-06-16;40168.69;40516.78;38176.03;38347.06;39211635100;7.18495E+11
2021-06-15;40427.17;41295.27;39609.47;40406.27;46420149185;7.5703E+11
2021-06-14;39016.97;40978.36;38757.28;40218.48;43148914673;7.53471E+11
2021-06-13;35555.79;39322.78;34864.11;39097.86;40669112838;7.32466E+11
2021-06-12;37340.14;37408.93;34728.19;35552.52;37924228550;6.66018E+11
2021-06-11;36697.03;37608.69;36044.45;37334.4;38699736985;6.99369E+11
2021-06-10;37389.52;38334.33;35847.59;36702.6;43576032854;6.87509E+11
2021-06-09;33416.98;37537.37;32475.87;37345.12;53972919008;6.99516E+11
2021-06-08;33589.52;34017.39;31114.44;33472.63;49902050442;6.26955E+11
2021-06-07;35835.27;36790.57;33480.64;33560.71;33683936663;6.28573E+11
2021-06-06;35538.61;36436.42;35304.58;35862.38;28913440585;6.71653E+11
2021-06-05;36880.16;37917.71;34900.41;35551.96;35959473399;6.65805E+11
2021-06-04;39242.49;39242.49;35717.72;36894.41;41831090187;6.90915E+11
2021-06-03;37599.41;39478.95;37243.97;39208.77;35460750427;7.34224E+11
2021-06-02;36699.92;38231.34;35966.31;37575.18;33070867190;7.036E+11
2021-06-01;37293.79;37896.74;35787.09;36684.92;34639423297;6.86891E+11
2021-05-31;35658.59;37468.25;34241.94;37332.85;39009847639;6.9899E+11
2021-05-30;34607.41;36400.67;33520.74;35678.13;31646080921;6.67977E+11
2021-05-29;35684.16;37234.5;33693.93;34616.07;45231013335;6.48061E+11
2021-05-28;38507.08;38856.97;34779.04;35697.61;55200191952;6.68284E+11
2021-05-27;39316.89;40379.62;37247.9;38436.97;43210968721;7.19538E+11
2021-05-26;38392.62;40782.08;37905.83;39294.2;51346735160;7.35556E+11
2021-05-25;38795.78;39776.35;36581.43;38402.22;56211915803;7.18829E+11
2021-05-24;34700.36;39835.14;34551.08;38705.98;67359584098;7.24332E+11
2021-05-23;37531.45;38289.22;31227.34;34770.58;78469274361;6.50686E+11
2021-05-22;37371.03;38831.05;35383.68;37536.63;57377273240;7.02449E+11
2021-05-21;40596.95;42172.17;33616.45;37304.69;82051616861;6.98109E+11
2021-05-20;36753.67;42462.98;35050.62;40782.74;88281943359;7.63196E+11
2021-05-19;42944.98;43546.12;30681.5;37002.44;1.26358E+11;6.92453E+11
2021-05-18;43488.06;45812.46;42367.83;42909.4;56187365084;8.02974E+11
2021-05-17;46415.9;46623.56;42207.29;43537.51;74903638450;8.14702E+11
2021-05-16;46716.64;49720.04;43963.35;46456.06;64047871555;8.69279E+11
2021-05-15;49855.49;50639.67;46664.14;46760.19;59161047474;8.74931E+11
2021-05-14;49682.98;51438.12;48868.58;49880.53;55737497453;9.33277E+11
2021-05-13;49735.43;51330.84;46980.02;49716.19;96721152926;9.30161E+11
2021-05-12;56714.53;57939.36;49150.53;49150.53;75215403907;9.19528E+11
2021-05-11;55847.24;56872.54;54608.65;56704.57;61308396325;1.06079E+12
2021-05-10;58250.87;59519.35;54071.46;55859.8;71776546298;1.04493E+12
2021-05-09;58877.39;59210.88;56482;58232.32;65906690347;1.08924E+12
2021-05-08;57352.77;59464.61;56975.21;58803.78;65382980634;1.09986E+12
2021-05-07;56413.95;58606.63;55321.85;57356.4;68434023376;1.07273E+12
2021-05-06;57441.31;58363.31;55382.51;56396.51;69523285106;1.05471E+12
2021-05-05;53252.16;57911.36;52969.06;57424.01;69241316747;1.07387E+12
2021-05-04;57214.18;57214.18;53191.43;53333.54;68564706967;9.97324E+11
2021-05-03;56620.27;58973.31;56590.87;57200.29;51713139031;1.06956E+12
2021-05-02;57825.86;57902.59;56141.91;56631.08;38177405335;1.05886E+12
2021-05-01;57714.66;58448.34;57052.27;57828.05;42836427360;1.08117E+12
2021-04-30;53568.66;57900.72;53129.6;57750.18;52395931985;1.07967E+12
2021-04-29;54858.09;55115.84;52418.03;53555.11;46088929780;1.00119E+12
2021-04-28;55036.64;56227.21;53887.92;54824.7;48000572955;1.02489E+12
2021-04-27;54030.3;55416.96;53319.19;55033.12;49448222757;1.02873E+12
2021-04-26;49077.79;54288;48852.8;54021.75;58284039825;1.00978E+12
2021-04-25;50052.83;50506.02;47159.49;49004.25;46117114240;9.15956E+11
2021-04-24;51143.23;51167.56;48805.28;50050.87;49014494781;9.35472E+11
2021-04-23;51739.81;52120.79;47714.66;51093.65;86668667320;9.54919E+11
2021-04-22;53857.11;55410.23;50583.81;51762.27;74798630778;9.67372E+11
2021-04-21;56471.13;56757.97;53695.47;53906.09;54926612466;1.00739E+12
2021-04-20;55681.79;57062.15;53448.05;56473.03;67849323955;1.05532E+12
2021-04-19;56191.58;57520.05;54368.59;55724.27;65344865159;1.04129E+12
2021-04-18;60701.89;61057.46;52829.54;56216.19;97468872758;1.05045E+12
2021-04-17;61529.92;62572.18;60361.35;60683.82;66138759198;1.13388E+12
2021-04-16;63258.51;63594.72;60222.53;61572.79;84293007468;1.15046E+12
2021-04-15;63075.2;63821.67;62208.96;63314.01;60954381579;1.18295E+12
2021-04-14;63523.75;64863.1;61554.8;63109.7;77451779687;1.17906E+12
2021-04-13;59890.02;63742.28;59869.96;63503.46;69983454362;1.18636E+12
2021-04-12;60175.94;61253.04;59589.87;59893.45;51828688519;1.11887E+12
2021-04-11;59846.23;60790.56;59289.8;60204.96;46280252580;1.12464E+12
2021-04-10;58253.78;61276.67;58038.71;59793.24;58238470525;1.11689E+12
2021-04-09;58326.56;58937.05;57807.86;58245;46655208546;1.08791E+12
2021-04-08;56099.91;58338.74;55879.08;58323.95;53053855641;1.08933E+12
2021-04-07;58186.51;58731.14;55604.02;56048.94;75645303584;1.04679E+12
2021-04-06;59171.93;59479.58;57646.81;58192.36;66058027988;1.08677E+12
2021-04-05;58760.87;59891.3;57694.83;59057.88;60706272115;1.10288E+12
2021-04-04;57604.84;58913.75;57168.68;58758.56;50749662970;1.09723E+12
2021-04-03;59397.41;60110.27;57603.89;57603.89;59641344484;1.07562E+12
2021-04-02;59098.88;60267.19;58869.28;59384.31;58727860620;1.10881E+12
2021-04-01;58926.56;59586.07;58505.28;59095.81;61669163792;1.10338E+12
2021-03-31;58930.28;59930.03;57726.42;58918.83;65520826225;1.10002E+12
2021-03-30;57750.13;59447.22;57251.55;58917.69;54414116432;1.09994E+12
2021-03-29;55947.9;58342.1;55139.34;57750.2;57625587027;1.07809E+12
2021-03-28;55974.94;56610.31;55071.11;55950.75;47686580918;1.04445E+12
2021-03-27;55137.57;56568.22;54242.91;55973.51;47266542233;1.04481E+12
2021-03-26;51683.01;55137.31;51579.86;55137.31;56652197978;1.02915E+12
2021-03-25;52726.75;53392.39;50856.57;51704.16;67999812841;9.65029E+11
2021-03-24;54710.49;57262.38;52514.33;52774.26;70567223787;9.84948E+11
2021-03-23;54511.66;55985.44;53470.69;54738.94;56435023914;1.02156E+12
2021-03-22;57517.89;58471.48;54288.16;54529.15;56521454974;1.0176E+12
2021-03-21;58309.91;58767.9;56005.62;57523.42;51943414539;1.07342E+12
2021-03-20;58332.26;60031.29;58213.3;58313.64;50361731222;1.08811E+12
2021-03-19;57850.44;59498.38;56643.7;58346.65;49063873786;1.08867E+12
2021-03-18;58893.08;60116.25;54253.58;57858.92;55746041000;1.07951E+12
2021-03-17;56825.83;58969.82;54528.63;58870.89;60258313191;1.09834E+12
2021-03-16;55840.79;56833.18;53555.03;56804.9;59749798599;1.05975E+12
2021-03-15;59267.43;60540.99;55393.17;55907.2;66419369890;1.04295E+12
2021-03-14;61221.13;61597.92;59302.32;59302.32;43901225564;1.10623E+12
2021-03-13;57343.37;61683.86;56217.97;61243.08;60669829814;1.14237E+12
2021-03-12;57821.22;57996.62;55376.65;57332.09;55689944702;1.06937E+12
2021-03-11;55963.18;58091.06;54484.59;57805.12;56772343595;1.07814E+12
2021-03-10;54824.01;57258.25;53290.89;56008.55;57295577614;1.04458E+12
2021-03-09;52272.97;54824.12;51981.83;54824.12;50912227385;1.02244E+12
2021-03-08;51174.12;52314.07;49506.05;52246.52;48597428048;9.74322E+11
2021-03-07;48918.68;51384.37;48918.68;51206.69;43137459378;9.54881E+11
2021-03-06;48899.23;49147.22;47257.53;48912.38;34363564661;9.12054E+11
2021-03-05;48527.03;49396.43;46542.51;48927.3;48625928883;9.12285E+11
2021-03-04;50522.31;51735.09;47656.93;48561.17;52343816680;9.05414E+11
2021-03-03;48415.81;52535.14;48274.32;50538.24;53220811975;9.42237E+11
2021-03-02;49612.11;50127.51;47228.85;48378.99;47530897720;9.01934E+11
2021-03-01;45159.5;49784.02;45115.09;49631.24;53891300112;9.25236E+11
2021-02-28;46194.02;46716.43;43241.62;45137.77;53443887451;8.41429E+11
2021-02-27;46344.77;48253.27;45269.03;46188.45;45910946382;8.60978E+11
2021-02-26;47180.46;48370.79;44454.84;46339.76;3.50968E+11;8.63752E+11
2021-02-25;49709.08;51948.97;47093.85;47093.85;54506565949;8.77766E+11
2021-02-24;48835.09;51290.14;47213.5;49705.33;63695521388;9.26393E+11
2021-02-23;54204.93;54204.93;45290.59;48824.43;1.06102E+11;9.09926E+11
2021-02-22;57532.74;57533.39;48967.57;54207.32;92052420332;1.01021E+12
2021-02-21;56068.57;58330.57;55672.61;57539.94;51897585191;1.07226E+12
2021-02-20;55887.34;57505.23;54626.56;56099.52;68145460026;1.04537E+12
2021-02-19;51675.98;56113.65;50937.28;55888.13;63495496918;1.04138E+12
2021-02-18;52140.97;52474.11;51015.76;51679.8;52054723579;9.62915E+11
2021-02-17;49207.28;52533.91;49072.38;52149.01;80820545404;9.71612E+11
2021-02-16;47944.46;50341.1;47201.3;49199.87;77049582886;9.16623E+11
2021-02-15;48696.54;48875.57;46347.48;47945.06;77069903166;8.9321E+11